<?xml version="1.0" encoding="UTF-8"?>
<project-private xmlns="http://www.netbeans.org/ns/project-private/1">
    <editor-bookmarks xmlns="http://www.netbeans.org/ns/editor-bookmarks/2" lastBookmarkId="0"/>
    <open-files xmlns="http://www.netbeans.org/ns/projectui-open-files/2">
        <group>
            <file>file:/C:/Users/Icarl/Desktop/ColeAndAsh/src/coleandash/Login.java</file>
            <file>file:/C:/Users/Icarl/Desktop/ColeAndAsh/src/coleandash/Dashboard.java</file>
            <file>file:/C:/Users/Icarl/Desktop/ColeAndAsh/src/Model/User.java</file>
            <file>file:/C:/Users/Icarl/Desktop/ColeAndAsh/src/coleandash/Register.java</file>
        </group>
    </open-files>
</project-private>
